,,PD3,GE1,S1,C1,C2,C3,C4,NOSE,C5,PD2L,PD2,PD2R,SB-END,C6,C7,C8,C9,C10,C11,C12,PD1,C13,C14,C15,C16,C17,S2,GE2,AD1
G1L,X,-0.9241,-0.8271,-0.2451,4.4391,9.1347,13.8516,18.5874,22.0453,23.3399,28.1243,29.1186,30.1134,31.1087,35.8359,41.5518,47.2746,53.0005,58.7252,64.4446,70.1547,75.8489,80.7717,85.674,90.5558,95.4171,100.2587,105.0868,105.6737,105.7715
,Y,3.6602,3.6846,3.8304,4.9408,5.943,6.8394,7.6297,8.138,8.3134,8.8922,8.9988,9.1007,9.198,9.5959,9.9364,10.1237,10.1576,10.0382,9.7655,9.3397,8.7623,8.1467,7.4357,6.6393,5.7677,4.8309,3.8376,3.7132,3.6925
,Z,9.5966,9.595,9.5853,9.5056,9.4229,9.337,9.2479,9.1811,9.1556,9.0598,9.0395,9.0191,8.9985,8.899,8.7748,8.646,8.5127,8.3748,8.2324,8.0854,7.9047,7.7344,7.5607,7.3835,7.2026,7.0186,6.831,6.8079,6.8041
G1L,X,-0.6181,-0.5211,0.0609,4.7137,9.3818,14.0712,18.7793,22.217,23.504,28.2546,29.2489,30.2437,31.239,35.927,41.6094,47.2988,52.9911,58.6824,64.3684,70.0451,75.7068,80.604,85.4833,90.3444,95.1876,100.0136,104.8268,105.4138,105.5116
,Y,2.4482,2.4726,2.6184,3.7213,4.7176,5.6088,6.3945,6.8998,7.0743,7.649,7.7556,7.8575,7.9547,8.3493,8.6877,8.8739,8.9077,8.7889,8.5178,8.0945,7.5204,6.908,6.2003,5.4073,4.5389,3.6051,2.6149,2.4906,2.4698
,Z,9.5216,9.52,9.5102,9.4306,9.3479,9.262,9.1729,9.1061,9.0806,8.9849,8.9645,8.9439,8.9232,8.824,8.6998,8.571,8.4377,8.2998,8.1574,8.0104,7.8347,7.6704,7.5027,7.3316,7.1567,6.9787,6.7972,6.7748,6.7711
G1R,X,-0.3121,-0.2151,0.3669,4.9883,9.629,14.2907,18.9712,22.3886,23.6681,28.3849,29.3792,30.374,31.3693,36.018,41.667,47.3229,52.9818,58.6396,64.2921,69.9354,75.5647,80.4363,85.2925,90.1331,94.9582,99.7685,104.5668,105.1538,105.2516
,Y,1.2362,1.2607,1.4064,2.5019,3.4923,4.3783,5.1593,5.6617,5.8351,6.4058,6.5124,6.6143,6.7115,7.1026,7.4391,7.6242,7.6577,7.5396,7.2701,6.8493,6.2785,5.6693,4.965,4.1753,3.3102,2.3794,1.3922,1.2679,1.2471
,Z,9.4466,9.445,9.4352,9.3556,9.2729,9.187,9.0979,9.0311,9.0056,8.91,8.8895,8.8688,8.848,8.749,8.6248,8.496,8.3627,8.2248,8.0824,7.9354,7.7647,7.6065,7.4448,7.2797,7.1108,6.9389,6.7635,6.7417,6.7381
CLD,X,0,0.097,0.679,5.2684,9.8811,14.5147,19.1669,22.5637,23.8354,28.5178,29.5122,30.507,31.5022,36.1109,41.7257,47.3476,52.9723,58.5959,64.2143,69.8236,75.4198,80.2653,85.098,89.9175,94.7242,99.5185,104.3017,104.8886,104.9865
,Y,0,0.0245,0.1702,1.258,2.2425,3.1231,3.8994,4.3987,4.5711,5.1377,5.2444,5.3462,5.4434,5.831,6.1654,6.3494,6.3827,6.2654,5.9975,5.5792,5.0118,4.4059,3.7049,2.9186,2.0568,1.1291,0.1451,0.0208,0
,Z,9.3701,9.3685,9.3586,9.2791,9.1964,9.1105,9.0214,8.9546,8.9291,8.8336,8.813,8.7922,8.7712,8.6725,8.5483,8.4195,8.2862,8.1483,8.0059,7.8589,7.6933,7.5412,7.3857,7.2268,7.064,6.8982,6.729,6.708,6.7045
PH,X,0.8567,0.9537,1.5357,6.0373,10.5731,15.1295,19.7042,23.0444,24.2949,28.8827,29.877,30.8718,31.8671,36.3657,41.887,47.4152,52.9462,58.476,64.0008,69.5166,75.0219,79.7958,84.5638,89.3447,94.1239,98.8975,103.5738,104.1607,104.2586
,Y,-3.3935,-3.3691,-3.2233,-2.1565,-1.1884,-0.3225,0.4409,0.9319,1.1014,1.6568,1.7634,1.8653,1.9623,2.3403,2.6691,2.85,2.8828,2.7674,2.504,2.0927,1.5345,0.9375,0.2459,-0.5342,-1.3916,-2.316,-3.2784,-3.4027,-3.4235
,Z,9.1601,9.1585,9.1484,9.0691,8.9864,8.9005,8.8114,8.7446,8.7191,8.624,8.603,8.5818,8.5605,8.4625,8.3383,8.2095,8.0762,7.9383,7.7959,7.6489,7.4974,7.3622,7.2235,7.0809,6.9342,6.7845,6.6344,6.6153,6.6122
G2L,X,1.1076,1.2046,1.7866,6.2625,10.7758,15.3096,19.8616,23.1852,24.4295,28.9896,29.9839,30.978,31.9727,36.4374,41.9308,47.4328,52.9396,58.4471,63.9513,69.4485,74.9375,79.7416,84.554,89.3722,94.1943,99.0191,103.8424,104.438,104.5373
,Y,-4.3873,-4.3629,-4.2172,-3.1564,-2.1932,-1.3315,-0.5719,-0.0834,0.0853,0.6374,0.744,0.8521,0.9553,1.3586,1.7204,1.935,2.0022,1.9219,1.694,1.3188,0.7969,0.5378,0.1823,-0.2603,-0.7805,-1.3688,-2.0152,-2.0985,-2.1125
,Z,9.0986,9.097,9.0869,9.0076,8.9249,8.839,8.7499,8.6831,8.6576,8.5626,8.5415,8.5206,8.4996,8.4034,8.2813,8.1546,8.0233,7.8875,7.7472,7.6023,7.4558,7.3415,7.2205,7.0928,6.9581,6.817,6.6693,6.6506,6.6475
G2L,X,1.4136,1.5106,2.0926,6.5371,11.023,15.5292,20.0535,23.3569,24.5936,29.1199,30.1142,31.1083,32.103,36.5363,41.9963,47.4648,52.9381,58.4121,63.8829,69.3466,74.7954,79.6617,84.4506,89.2479,94.0516,98.8604,103.5824,104.1781,104.2773
,Y,-5.5993,-5.5749,-5.4291,-4.3759,-3.4185,-2.5621,-1.8071,-1.3215,-1.1539,-0.6059,-0.4992,-0.3911,-0.2878,0.1125,0.4722,0.6855,0.7523,0.6724,0.4459,0.0729,-0.445,-0.7066,-1.0603,-1.501,-2.0192,-2.6056,-3.2379,-3.3212,-3.3352
,Z,9.0236,9.0219,9.0118,8.9326,8.8499,8.764,8.6749,8.6081,8.5826,8.4877,8.4665,8.4455,8.4243,8.3283,8.2061,8.0794,7.9481,7.8123,7.672,7.5271,7.3859,7.2755,7.1604,7.0387,6.9098,6.7746,6.6356,6.6176,6.6145
G2R,X,1.7196,1.8166,2.3986,6.8117,11.2701,15.7487,20.2454,23.5285,24.7577,29.2502,30.2445,31.2386,32.2333,36.6351,42.0617,47.4968,52.9366,58.3771,63.8145,69.2448,74.6533,79.5818,84.3473,89.1236,93.9089,98.7017,103.3224,103.9181,104.0174
,Y,-6.8113,-6.7868,-6.6411,-5.5953,-4.6438,-3.7927,-3.0423,-2.5597,-2.3931,-1.8491,-1.7424,-1.6342,-1.531,-1.1335,-0.7761,-0.5641,-0.4977,-0.5771,-0.8022,-1.1729,-1.6869,-1.9508,-2.3029,-2.7417,-3.2579,-3.8424,-4.4607,-4.5439,-4.5579
,Z,8.9486,8.9469,8.9367,8.8576,8.7749,8.689,8.5999,8.5331,8.5076,8.4129,8.3915,8.3703,8.349,8.2531,8.1309,8.0042,7.873,7.7371,7.5968,7.4519,7.3159,7.2097,7.1006,6.9847,6.8617,6.7325,6.6018,6.5845,6.5816
R2,X,1.9583,2.0552,2.6373,7.026,11.4629,15.92,20.395,23.6624,24.8857,29.3518,30.3461,31.3409,32.3363,36.7155,42.1167,47.5246,52.9353,58.3448,63.7494,69.1452,74.5424,79.5195,84.2666,89.0266,93.7975,98.5779,103.1196,103.7153,103.8146
,Y,-7.7566,-7.7322,-7.5865,-6.5465,-5.5996,-4.7525,-4.0057,-3.5255,-3.3597,-2.8188,-2.712,-2.6103,-2.5134,-2.1462,-1.825,-1.6487,-1.6172,-1.7307,-1.989,-2.392,-2.6556,-2.9214,-3.2721,-3.7094,-4.2241,-4.8071,-5.4145,-5.4976,-5.5115
,Z,8.8901,8.8884,8.8782,8.7991,8.7164,8.6305,8.5414,8.4746,8.4491,8.3545,8.333,8.3114,8.2896,8.192,8.0678,7.939,7.8056,7.6677,7.5253,7.3783,7.2613,7.1585,7.054,6.9427,6.8244,6.6998,6.5754,6.5587,6.5559
R1,X,2.0672,2.1641,2.7462,7.1237,11.5509,15.9982,20.4633,23.7235,24.9441,29.3982,30.3925,31.3873,32.3827,36.7507,42.14,47.536,52.9347,58.3324,63.7251,69.1089,74.4919,79.491,84.2298,88.9824,93.7467,98.5214,103.027,103.6228,103.7221
,Y,-8.1881,-8.1636,-8.0179,-6.9807,-6.0358,-5.1906,-4.4455,-3.9662,-3.8008,-3.2613,-3.1546,-3.0528,-2.956,-2.5898,-2.2694,-2.0935,-2.0622,-2.1755,-2.4334,-2.8355,-3.0977,-3.3643,-3.7145,-4.1511,-4.6651,-5.2474,-5.8498,-5.9329,-5.9468
,Z,8.8634,8.8617,8.8514,8.7724,8.6897,8.6038,8.5147,8.4479,8.4224,8.3278,8.3063,8.2846,8.2628,8.1652,8.041,7.9122,7.7788,7.6409,7.4985,7.3515,7.2364,7.1352,7.0328,6.9236,6.8074,6.6849,6.5634,6.5469,6.5441
