,
Z_1,
Z_2,
Z_3,
Z_4,
Z_5,
Z_6,
Z_7,
Z_8,
Z_9,
Z_10,
Z_11,
Z_12,
Z_13,
Z_14,
Z_15,
Z_16,
Z_17,
Z_18,
Z_19,
Z_20,
Z_21,
Z_22,
Z_23,
Z_24,
Z_25,
Z_26,
Z_27,
Z_28,
Z_29,
Z_30,
Z_31,
Z_32,
Z_33,
Z_34,
Z_35,
Z_36,
Z_37,
Z_38,
Z_39,
Z_40,
Z_41,
Z_42,
Z_43,
Z_44,
Z_45,
Z_46,
Z_47,
Z_48,
Z_49,
Z_50,
X_1,
X_2,
X_3,
X_4,
X_5,
X_6,
X_7,
X_8,
X_9,
X_10,
X_11,
X_12,
X_13,
X_14,
X_15,
X_16,
X_17,
X_18,
X_19,
X_20,
X_21,
X_22,
X_23,
X_24,
X_25,
X_26,
X_27,
X_28,
X_29,
X_30,
X_31,
X_32,
X_33,
X_34,
X_35,
X_36,
X_37,
X_38,
X_39,
X_40,
X_41,
X_42,
X_43,
X_44,
X_45,
X_46,
X_47,
X_48,
X_49,
X_50,
Y_1,
Y_2,
Y_3,
Y_4,
Y_5,
Y_6,
Y_7,
Y_8,
Y_9,
Y_10,
Y_11,
Y_12,
Y_13,
Y_14,
Y_15,
Y_16,
Y_17,
Y_18,
Y_19,
Y_20,
Y_21,
Y_22,
Y_23,
Y_24,
Y_25,
Y_26,
Y_27,
Y_28,
Y_29,
Y_30,
Y_31,
Y_32,
Y_33,
Y_34,
Y_35,
Y_36,
Y_37,
Y_38,
Y_39,
Y_40,
Y_41,
Y_42,
Y_43,
Y_44,
Y_45,
Y_46,
Y_47,
Y_48,
Y_49,
Y_50,
